,Coef.,Std.Err.,P>|t|,nobs,rsq,rsq_adj
Intercept,-0.5370346882010018,0.27598300327966774,0.10924251561424857,7.0,0.00017298169924906404,-0.19979242196090108
length_sequence,-0.007285303584351199,0.22657763401899414,0.9755935461662826,7.0,0.00017298169924906404,-0.19979242196090108
