,Coef.,Std.Err.,P>|t|,nobs,rsq,rsq_adj
Intercept,-0.506925416729932,0.3642499556191323,0.2227528598453641,7.0,0.14421027888506133,-0.026947665337926363
length_sequence,0.33734870520597815,0.32287780977651226,0.3439649792701048,7.0,0.14421027888506133,-0.026947665337926363
